{
"scale_to_square_image_in_notifications":false,
"screen_brightness_key":0.45802468,
"resume_on_audio_focus_gain":false,
"use_inexact_seek_key":false,
"tablet_mode":"auto",
"show_age_restricted_content":false,
"screen_brightness_timestamp_key":1743368866418,
"clear_queue_confirmation_key":false,
"popup_remember_size_pos_key":true,
"auto_queue_key":false,
"show_original_time_ago_key":false,
"night_theme":"dark_theme",
"playback_skip_silence_key":false,
"limit_mobile_data_usage":"limit_data_usage_none",
"enable_playback_state_lists":true,
"enable_playback_resume":true,
"file_replacement_character":"_",
"update_app_key":true,
"default_resolution":"720p60",
"channel_tabs":["show_channel_tabs_livestreams","show_channel_tabs_videos","show_channel_tabs_albums","show_channel_tabs_channels","show_channel_tabs_tracks","show_channel_tabs_about","show_channel_tabs_shorts","show_channel_tabs_playlists"],
"downloads_max_retry":"3",
"content_country":"system",
"show_next_video":true,
"downloads_storage_ask":false,
"app_language_key":"system",
"download_path":"content://com.android.externalstorage.documents/tree/primary%3AMusic",
"popup_saved_width":1080.0,
"default_popup_resolution":"480p",
"show_higher_resolutions":false,
"list_view_mode":"auto",
"cross_network_downloads":false,
"last_resize_mode":3,
"use_external_video_player":false,
"show_comments":false,
"allow_heap_dumping_key":false,
"feed_fetch_channel_tabs":["fetch_channel_tabs_shorts","fetch_channel_tabs_videos","fetch_channel_tabs_livestreams","fetch_channel_tabs_tracks"],
"show_thumbnail_key":true,
"storage_use_saf":true,
"feed_show_played_items":false,
"feed_use_dedicated_fetch_method":false,
"show_image_indicators_key":false,
"show_crash_the_player_key":false,
"prefer_original_audio":false,
"popup_saved_x":0,
"show_search_suggestions":["show_local_search_suggestions","show_remote_search_suggestions"],
"feed_update_threshold_key":"300",
"popup_saved_y":801,
"notification_colorize_key":true,
"start_main_player_fullscreen_key":false,
"update_check_consent_key":true,
"youtube_restricted_mode_enabled":false,
"playback_pitch_key":1.0,
"file_rename_charset":"CHARSET_MOST_SPECIAL",
"right_gesture_control":"volume_control",
"enable_watch_history":true,
"autoplay_key":"autoplay_wifi_key",
"prefer_descriptive_audio":false,
"ignore_hardware_media_buttons_key":false,
"media_tunneling_device_blacklist_version":994,
"feed_show_future_items":true,
"content_language":"system",
"main_tabs_position":false,
"image_quality_key":"image_quality_medium",
"enable_search_history":true,
"minimize_on_exit_key":"minimize_on_exit_background_key",
"show_meta_info":true,
"allow_disposed_exceptions_key":false,
"preferred_open_action_key":"video_player",
"theme":"auto_device_theme",
"preferred_open_action_last_selected":"video_player",
"use_external_audio_player":false,
"import_export_data_path":"content://com.android.providers.downloads.documents/document/73",
"feed_show_partially_watched_items":true,
"default_video_format":"video_mp4",
"linear":false,
"show_description":true,
"adjustment_step_key":0.01,
"update_expiry_key":1747036065,
"last_used_preferences_version":6,
"default_audio_format":"audio_m4a",
"playback_speed_key":1.0,
"seekbar_preview_thumbnail_key":"seekbar_preview_thumbnail_high_quality",
"left_gesture_control":"brightness_control",
"show_play_with_kodi":false,
"seek_duration":"10000",
"stream_info_selected_tab":"NEXT VIDEO",
"playback_unhook_key":true,
"show_hold_to_append":true,
"downloads_queue_limit":true
}